"client_id","doc_prob","s3_key"
6052758738,0.0,id-doc-front/2025/04/12/7e0670d5.jpg
5397595006,0.0,id-doc-front/2024/10/27/bc0ab5af.jpg
6066870961,0.0,id-doc-front/2025/04/18/f8bbfde2.jpg
6042111715,0.0,id-doc-front/2025/04/07/d555fbbb.jpg
5842564514,0.0,id-doc-front/2025/01/06/6e9a1881.jpg
5861009505,0.0,id-doc-front/2025/01/15/d0cd06eb.jpg
5849231068,0.0,id-doc-front/2025/01/09/e15a8021.jpg
6070781221,0.0,id-doc-front/2025/04/21/8ee2d862.jpg
5773810689,0.0,id-doc-front/2024/12/06/af5025a3.jpg
6028640792,0.0,id-doc-front/2025/04/04/df22cc82.jpg
5723627342,0.0,id-doc-front/2024/11/16/f065c1ef.jpg
6028172894,0.0,id-doc-front/2025/04/01/d1f92f09.jpg
6066847811,0.0,id-doc-front/2025/04/18/636b9e2b.jpg
5873978835,0.0,id-doc-front/2025/01/21/14e3135a.jpg
6019580996,0.0,id-doc-front/2025/03/30/67f65182.jpg
4331384517,0.0,id-doc-front/2023/09/11/0fdc5198.jpg
4163880859,0.0,id-doc-front/2025/02/28/414f5f2a.jpg
5481118553,0.0,id-doc-front/2024/08/12/392736d6.jpg
5865765280,0.0,id-doc-front/2025/01/18/855e085c.jpg
5865765280,0.0,id-doc-front/2025/01/18/855e085c.jpg
6072622424,0.0,id-doc-front/2025/04/21/86666274.jpg
5812704263,0.0,id-doc-front/2024/12/24/1ddd75ca.jpg
5543158828,0.0,id-doc-front/2024/09/03/8ba5b26c.jpg
6066385592,0.0,id-doc-front/2025/04/18/acddf74b.jpg
6061735104,0.0,id-doc-front/2025/04/16/49f49bc9.jpg
5992653680,0.0,id-doc-front/2025/03/15/521bc073.jpg
4893069354,0.0,id-doc-front/2023/12/16/9be64d09.jpg
5790070231,0.0,id-doc-front/2024/12/13/3914cd4c.jpg
5829111566,0.0,id-doc-front/2024/12/31/2f0ed884.jpg
5901953121,0.0,id-doc-front/2025/02/03/9eccd6e0.jpg
6043425569,0.0,id-doc-front/2025/04/08/13f2d232.jpg
6055852948,0.0,id-doc-front/2025/04/13/cb185a3e.jpg
6067100976,0.0,id-doc-front/2025/04/18/dfcc8257.jpg
5232305886,0.0,id-doc-front/2024/05/19/4b61799f.jpg
5795923637,0.0,id-doc-front/2024/12/16/9cd6b5eb.jpg
5697319481,0.0,id-doc-front/2024/11/04/a2af20c5.jpg
6052794945,0.0,id-doc-front/2025/04/12/f2655eb7.jpg
6000945235,0.0,id-doc-front/2025/03/21/099d3172.jpg
5648226136,0.0,id-doc-front/2024/10/12/bf5d852c.jpg
6035470640,0.0,id-doc-front/2025/04/04/d0cdbc1f.jpg
5998405804,0.0,id-doc-front/2025/03/18/b1af875b.jpg
6067109960,0.0,id-doc-front/2025/04/18/b1f84932.jpg
4845448269,0.0,id-doc-front/2025/04/08/85144983.jpg
6072388330,0.0,id-doc-front/2025/04/21/d39fd84c.jpg
6055829702,0.0,id-doc-front/2025/04/13/2c9cd453.jpg
6050926004,0.0,id-doc-front/2025/04/12/5e24568d.jpg
5663307399,0.0,id-doc-front/2024/11/13/cded712e.jpg
6071782101,0.0,id-doc-front/2025/04/21/458b596c.jpg
5645815730,0.0,id-doc-front/2024/10/11/07cac0ca.jpg
5095396912,0.0,id-doc-front/2024/03/28/160f9156.jpg
5728887628,0.0,id-doc-front/2025/02/26/bedd8b75.jpg
6067144265,0.0,id-doc-front/2025/04/18/ecbaee10.jpg
4749111229,0.0,id-doc-front/2023/11/11/b80996e8.jpg
6067161034,0.0,id-doc-front/2025/04/18/d1aeb539.jpg
6052869519,0.0,id-doc-front/2025/04/12/04bd387a.jpg
5820940605,0.0,id-doc-front/2024/12/27/3a196697.jpg
6005706511,0.0,id-doc-front/2025/04/21/5c5c4d6b.jpg
5820940605,0.0,id-doc-front/2024/12/27/3a196697.jpg
4950882967,0.0,id-doc-front/2024/01/13/ef315bfa.jpg
6052867285,0.0,id-doc-front/2025/04/12/2a0d8089.jpg
5972019312,0.0,id-doc-front/2025/04/12/91349440.jpg
5411011631,0.0,id-doc-front/2024/07/18/bba513f2.jpg
6052904620,0.0,id-doc-front/2025/04/12/3f675863.jpg
6072257289,0.0,id-doc-front/2025/04/21/516316fd.jpg
6072254640,0.0,id-doc-front/2025/04/21/2481b1f5.jpg
6072040127,0.0,id-doc-front/2025/04/21/93a2c045.jpg
5718561877,0.0,id-doc-front/2024/11/14/606fe9ff.jpg
5744283245,0.0,id-doc-front/2024/11/24/57a7f82a.jpg
5790016822,0.0,id-doc-front/2024/12/13/ede6ff98.jpg
5719375765,0.0,id-doc-front/2025/04/13/8f5a9876.jpg
5093090926,0.0,id-doc-front/2024/03/26/690cf220.jpg
4908553622,0.0,id-doc-front/2023/12/23/0f284d4c.jpg
6071913390,0.0,id-doc-front/2025/04/21/ed7bca88.jpg
4431283718,0.0,id-doc-front/2023/09/27/bb39ff15.jpg
5964252783,0.0,id-doc-front/2025/03/02/659d75a8.jpg
6071818373,0.0,id-doc-front/2025/04/21/ea33230e.jpg
5866594800,0.0,id-doc-front/2025/01/18/2464fd07.jpg
6069152210,0.0,id-doc-front/2025/04/20/de7cd17d.jpg
5988727563,0.0,id-doc-front/2025/03/14/8f82778a.jpg
5869345127,0.0,id-doc-front/2025/01/19/c605bc3d.jpg
6055717202,0.0,id-doc-front/2025/04/13/f033e437.jpg
6067335118,0.0,id-doc-front/2025/04/18/b13ba8a2.jpg
4754002245,0.0,id-doc-front/2023/11/13/d02362c3.jpg
5956042221,0.0,id-doc-front/2025/02/27/1d33f3f9.jpg
6011694304,0.0,id-doc-front/2025/03/24/d7e112ef.jpg
6071730340,0.0,id-doc-front/2025/04/20/4d056d27.jpg
6071567722,0.0,id-doc-front/2025/04/20/96b2aaae.jpg
6071735829,0.0,id-doc-front/2025/04/20/41485261.jpg
6071465743,0.0,id-doc-front/2025/04/20/ec5866dc.jpg
6067333946,0.0,id-doc-front/2025/04/18/021dcf36.jpg
5394965654,0.0,id-doc-front/2024/07/13/e52f85fc.jpg
6071717650,0.0,id-doc-front/2025/04/20/e7f61b90.jpg
4996648773,0.0,id-doc-front/2024/11/23/782112e3.jpg
6067368076,0.0,id-doc-front/2025/04/18/69a4da3f.jpg
5827184970,0.0,id-doc-front/2024/12/30/83737f1a.jpg
5718820386,0.0,id-doc-front/2024/11/13/03423e28.jpg
6053056719,0.0,id-doc-front/2025/04/12/7e119465.jpg
6067368969,0.0,id-doc-front/2025/04/18/c149e606.jpg
6071687816,0.0,id-doc-front/2025/04/20/fb758f69.jpg
4315117385,0.0,id-doc-front/2023/09/07/b14d83cb.jpg
5921077130,0.0,id-doc-front/2025/02/12/94030f4e.jpg
6041382641,0.0,id-doc-front/2025/04/07/193b1db2.jpg
5470889433,0.0,id-doc-front/2024/08/08/8418420f.jpg
5838794196,0.0,id-doc-front/2025/01/19/f0ab4dde.jpg
5535102681,0.0,id-doc-front/2024/08/31/b53a462f.jpg
5952007063,0.0,id-doc-front/2025/02/25/e9100251.jpg
6066366346,0.0,id-doc-front/2025/04/18/5992da1d.jpg
6053086348,0.0,id-doc-front/2025/04/12/ae979e33.jpg
6053093266,0.0,id-doc-front/2025/04/12/ac214367.jpg
5839571812,0.0,id-doc-front/2025/04/20/15a17c76.jpg
5817869800,0.0,id-doc-front/2024/12/25/1e189b0f.jpg
6067432207,0.0,id-doc-front/2025/04/18/877a5dde.jpg
6067446411,0.0,id-doc-front/2025/04/18/4a91c57d.jpg
5853327245,0.0,id-doc-front/2025/01/11/05cfa278.jpg
5066432149,0.0,id-doc-front/2024/03/15/dfda73b7.jpg
6053087577,0.0,id-doc-front/2025/04/12/13398055.jpg
6071633580,0.0,id-doc-front/2025/04/20/cb8b89f9.jpg
6018277056,0.0,id-doc-front/2025/03/27/091b277b.jpg
5802552459,0.0,id-doc-front/2024/12/19/0d1c9c4b.jpg
6055626911,0.0,id-doc-front/2025/04/13/dacdb446.jpg
5915765304,0.0,id-doc-front/2025/02/09/af557afd.jpg
5596955313,0.0,id-doc-front/2024/09/20/abdfd0fb.jpg
6071579934,0.0,id-doc-front/2025/04/20/c94b514c.jpg
6053868999,0.0,id-doc-front/2025/04/13/515e34f7.jpg
6052948489,0.0,id-doc-front/2025/04/12/e333d7d0.jpg
4935894781,0.0,id-doc-front/2024/01/05/eb554a8b.jpg
5691802616,0.0,id-doc-front/2024/11/01/932eb78f.jpg
6053135079,0.0,id-doc-front/2025/04/12/647cc2c0.jpg
6055631699,0.0,id-doc-front/2025/04/13/d9d6aa59.jpg
6071562119,0.0,id-doc-front/2025/04/20/82be1f31.jpg
4997597738,0.0,id-doc-front/2024/02/07/91191c6e.jpg
5974225839,0.0,id-doc-front/2025/03/07/143a2c0f.jpg
6053177881,0.0,id-doc-front/2025/04/12/87b9f768.jpg
6007751636,0.0,id-doc-front/2025/03/22/ea7eb3d8.jpg
6055633687,0.0,id-doc-front/2025/04/13/558c61a9.jpg
4166505467,0.0,id-doc-front/2023/07/23/467f74f9.jpg
6051122739,0.0,id-doc-front/2025/04/12/6df03741.jpg
4852500904,0.0,id-doc-front/2023/11/30/248ed6e0.jpg
4211262593,0.0,id-doc-front/2023/08/08/d0e1aa3c.jpg
6071502431,0.0,id-doc-front/2025/04/20/3ff1501b.jpg
6071468963,0.0,id-doc-front/2025/04/20/32e927dc.jpg
5195104491,0.0,id-doc-front/2024/05/04/b1167e66.jpg
6067919397,0.0,id-doc-front/2025/04/19/72345f3d.jpg
5930966723,0.0,id-doc-front/2025/04/20/8dc3f5e7.jpg
6035852157,0.0,id-doc-front/2025/04/04/1183b6bb.jpg
6071448702,0.0,id-doc-front/2025/04/20/7e2d65ac.jpg
6071414419,0.0,id-doc-front/2025/04/20/d39b57a1.jpg
5236613464,0.0,id-doc-front/2024/05/21/8b79375a.jpg
6053228676,0.0,id-doc-front/2025/04/12/5903e76b.jpg
6034989463,0.0,id-doc-front/2025/04/04/584556ef.jpg
6070974482,0.0,id-doc-front/2025/04/20/46df322d.jpg
6024310666,0.0,id-doc-front/2025/03/30/c3e32f33.jpg
5718986928,0.0,id-doc-front/2025/04/12/2bb67b75.jpg
4763279717,0.0,id-doc-front/2023/11/16/315dffef.jpg
4342515414,0.0,id-doc-front/2025/01/18/589b8a29.jpg
5938563100,0.0,id-doc-front/2025/02/19/68fcf94e.jpg
5823174966,0.0,id-doc-front/2024/12/28/da728d51.jpg
5992719128,0.0,id-doc-front/2025/03/20/6deaf5e3.jpg
5441230752,0.0,id-doc-front/2024/07/29/a0030574.jpg
6071327497,0.0,id-doc-front/2025/04/20/4ebdd3c9.jpg
6067966650,0.0,id-doc-front/2025/04/19/6dac71c4.jpg
6055580319,0.0,id-doc-front/2025/04/13/ff19e913.jpg
5929628211,0.0,id-doc-front/2025/02/15/81303439.jpg
5493500872,0.0,id-doc-front/2024/08/16/f662b648.jpg
6071266941,0.0,id-doc-front/2025/04/20/445b88fe.jpg
5712328979,0.0,id-doc-front/2024/11/10/21936ef7.jpg
6017923169,0.0,id-doc-front/2025/04/13/2d8c6fb8.jpg
6068102900,0.0,id-doc-front/2025/04/19/761d05ac.jpg
5999187654,0.0,id-doc-front/2025/03/19/d1d6225d.jpg
5394423095,0.0,id-doc-front/2025/02/12/6e964cc9.jpg
5314453139,0.0,id-doc-front/2024/06/14/038e5935.jpg
6053314668,0.0,id-doc-front/2025/04/12/67ab7556.jpg
5507023320,0.0,id-doc-front/2024/08/22/c853d016.jpg
6053312605,0.0,id-doc-front/2025/04/12/d873ff4c.jpg
5902496128,0.0,id-doc-front/2025/02/03/7bf7631d.jpg
5921436023,0.0,id-doc-front/2025/02/12/ee273252.jpg
5594877110,0.0,id-doc-front/2024/09/19/8e435cc9.jpg
6037349546,0.0,id-doc-front/2025/04/05/1d6ef331.jpg
6053347607,0.0,id-doc-front/2025/04/12/e3871010.jpg
6008693418,0.0,id-doc-front/2025/03/23/13d78c8c.jpg
6053322583,0.0,id-doc-front/2025/04/12/bd599a61.jpg
5452273527,0.0,id-doc-front/2024/08/02/dcf16c61.jpg
6045862351,0.0,id-doc-front/2025/04/12/23175ca3.jpg
5300396736,0.0,id-doc-front/2024/06/09/fec44607.jpg
5908399795,0.0,id-doc-front/2025/02/06/e8e3f135.jpg
6053322154,0.0,id-doc-front/2025/04/12/4433e412.jpg
4126256741,0.0,id-doc-front/2023/07/09/aa3b6cad.jpg
5701444159,0.0,id-doc-front/2024/11/06/2a485218.jpg
5474985039,0.0,id-doc-front/2024/08/10/c0380a42.jpg
4386117925,0.0,id-doc-front/2025/04/20/499a9fd6.jpg
5760144780,0.0,id-doc-front/2024/11/30/bff69ca7.jpg
5933156514,0.0,id-doc-front/2025/02/17/8b6b65eb.jpg
6059869621,0.0,id-doc-front/2025/04/15/c0c1a7c6.jpg
6015362153,0.0,id-doc-front/2025/03/26/1d82c8a2.jpg
5730366259,0.0,id-doc-front/2024/11/18/c4145574.jpg
5884370952,0.0,id-doc-front/2025/01/26/0c0c7820.jpg
6066983212,0.0,id-doc-front/2025/04/19/d6f71b03.jpg
5223489617,0.0,id-doc-front/2025/04/12/6d3556e1.jpg
6013125610,0.0,id-doc-front/2025/04/13/ba112a45.jpg
6070978966,0.0,id-doc-front/2025/04/20/c1752342.jpg
6071088901,0.0,id-doc-front/2025/04/20/6fc288ef.jpg
5470889433,0.0,id-doc-front/2024/08/08/8418420f.jpg
6035204623,0.0,id-doc-front/2025/04/19/8d1baa7e.jpg
4913085234,0.0,id-doc-front/2025/03/25/d65df8f9.jpg
4858639119,0.0,id-doc-front/2023/12/01/86d00075.jpg
6071065794,0.0,id-doc-front/2025/04/20/36ec9ee4.jpg
6053485073,0.0,id-doc-front/2025/04/12/27afe983.jpg
5812964027,0.0,id-doc-front/2024/12/23/b7712a45.jpg
6055483288,0.0,id-doc-front/2025/04/13/7e611759.jpg
6053462350,0.0,id-doc-front/2025/04/12/c67ce6ca.jpg
4744477680,0.0,id-doc-front/2025/04/19/c59e1ef2.jpg
5442447616,0.0,id-doc-front/2024/07/29/94ac5415.jpg
5817110935,0.0,id-doc-front/2024/12/25/abdf4837.jpg
6055470881,0.0,id-doc-front/2025/04/13/5263983b.jpg
6071020230,0.0,id-doc-front/2025/04/20/77ffa799.jpg
5761693207,0.0,id-doc-front/2024/12/01/90284294.jpg
5404471563,0.0,id-doc-front/2024/07/16/b59148ac.jpg
6053539109,0.0,id-doc-front/2025/04/12/b340a1dd.jpg
6070970079,0.0,id-doc-front/2025/04/20/e157f2e3.jpg
5156195070,0.0,id-doc-front/2024/04/20/5b77500a.jpg
6070898941,0.0,id-doc-front/2025/04/20/2962d6bc.jpg
6000841079,0.0,id-doc-front/2025/03/19/9a06d394.jpg
5816039229,0.0,id-doc-front/2025/04/12/c58888b6.jpg
5961303836,0.0,id-doc-front/2025/03/01/4db08bb8.jpg
5469834390,0.0,id-doc-front/2024/08/08/511942a7.jpg
6067502336,0.0,id-doc-front/2025/04/19/e221e6f9.jpg
6001423417,0.0,id-doc-front/2025/03/19/9ca9b8bc.jpg
5777569879,0.0,id-doc-front/2024/12/08/6c789b11.jpg
5961780768,0.0,id-doc-front/2025/03/01/7819313b.jpg
6035498702,0.0,id-doc-front/2025/04/04/2438f847.jpg
5900172091,0.0,id-doc-front/2025/02/02/2027c831.jpg
5655345007,0.0,id-doc-front/2024/10/15/349bc0de.jpg
5754627844,0.0,id-doc-front/2024/11/29/a55f9217.jpg
6055402368,0.0,id-doc-front/2025/04/13/795dd115.jpg
6064442160,0.0,id-doc-front/2025/04/20/b2cabd0a.jpg
5194872267,0.0,id-doc-front/2024/05/03/46b6b1d2.jpg
6042240427,0.0,id-doc-front/2025/04/08/12228f6e.jpg
6068496720,0.0,id-doc-front/2025/04/19/d0802e01.jpg
5507108493,0.0,id-doc-front/2024/08/26/2f1f8278.jpg
6070788447,0.0,id-doc-front/2025/04/20/c00ea8e0.jpg
4955832365,0.0,id-doc-front/2024/01/16/3999538a.jpg
5548624048,0.0,id-doc-front/2024/09/05/090dd1de.jpg
4943931531,0.0,id-doc-front/2024/01/09/eb6c509a.jpg
5243307417,0.0,id-doc-front/2024/05/23/1b34dbf4.jpg
6070777578,0.0,id-doc-front/2025/04/20/b37d0df7.jpg
6021766598,0.0,id-doc-front/2025/03/29/f888fc2b.jpg
6053688136,0.0,id-doc-front/2025/04/12/2a8f64e3.jpg
5954809914,0.0,id-doc-front/2025/02/26/17768774.jpg
5847545618,0.0,id-doc-front/2025/01/08/196c13a7.jpg
6005065266,0.0,id-doc-front/2025/03/21/bb47a0ff.jpg
6055294091,0.0,id-doc-front/2025/04/13/80983742.jpg
5341984463,0.0,id-doc-front/2024/06/24/a05bb9e6.jpg
4306771415,0.0,id-doc-front/2023/09/17/dae94995.jpg
5784120005,0.0,id-doc-front/2024/12/10/60e93f78.jpg
6066801486,0.0,id-doc-front/2025/04/20/843f5841.jpg
5017055825,0.0,id-doc-front/2024/05/27/aedc7a18.jpg
5235446468,0.0,id-doc-front/2024/05/20/a5ac540e.jpg
6001136845,0.0,id-doc-front/2025/03/19/a8844fea.jpg
6068480049,0.0,id-doc-front/2025/04/19/d9277e9a.jpg
6055273274,0.0,id-doc-front/2025/04/13/ec0d8eba.jpg
5638514287,0.0,id-doc-front/2024/11/07/ddfae006.jpg
6070672196,0.0,id-doc-front/2025/04/20/592e0e02.jpg
6053700974,0.0,id-doc-front/2025/04/12/5f531b39.jpg
6068536349,0.0,id-doc-front/2025/04/19/21256d27.jpg
5276466324,0.0,id-doc-front/2024/06/02/40a844ce.jpg
5181777636,0.0,id-doc-front/2025/04/13/87a2824e.jpg
6053774620,0.0,id-doc-front/2025/04/12/37783a00.jpg
5992162421,0.0,id-doc-front/2025/04/06/b9714b44.jpg
6068549044,0.0,id-doc-front/2025/04/19/741fdc5b.jpg
6068585236,0.0,id-doc-front/2025/04/19/4db49986.jpg
5579669582,0.0,id-doc-front/2024/09/14/33346279.jpg
5708926584,0.0,id-doc-front/2024/11/09/567e2957.jpg
4688676838,0.0,id-doc-front/2024/09/17/3dc0fee0.jpg
6068621036,0.0,id-doc-front/2025/04/19/1cbfb5e9.jpg
4566832578,0.0,id-doc-front/2024/04/17/b078e14a.jpg
6070618069,0.0,id-doc-front/2025/04/20/cdf34146.jpg
5758294024,0.0,id-doc-front/2024/11/29/d2cf285b.jpg
5628667698,0.0,id-doc-front/2024/10/04/8b76873f.jpg
5376813071,0.0,id-doc-front/2024/07/31/2645f762.jpg
6055135468,0.0,id-doc-front/2025/04/13/198737ec.jpg
6052327204,0.0,id-doc-front/2025/04/13/9a605941.jpg
5921637323,0.0,id-doc-front/2025/02/12/6c4bea96.jpg
6068633878,0.0,id-doc-front/2025/04/19/3ca387ca.jpg
5979980846,0.0,id-doc-front/2025/03/10/df686aef.jpg
6023697227,0.0,id-doc-front/2025/03/30/bef6346a.jpg
5584229278,0.0,id-doc-front/2024/09/15/613cbe82.jpg
6014190961,0.0,id-doc-front/2025/03/27/d110c457.jpg
4951692708,0.0,id-doc-front/2024/01/13/4595f501.jpg
4963061104,0.0,id-doc-front/2024/01/19/9f86a91a.jpg
5939424196,0.0,id-doc-front/2025/02/21/29091837.jpg
6053845454,0.0,id-doc-front/2025/04/12/c9a7bf45.jpg
5987610703,0.0,id-doc-front/2025/03/13/1617d408.jpg
6068676128,0.0,id-doc-front/2025/04/19/f587a565.jpg
6068666815,0.0,id-doc-front/2025/04/20/156751f8.jpg
4994465087,0.0,id-doc-front/2024/02/05/a6476d7b.jpg
6068629580,0.0,id-doc-front/2025/04/19/1b2c11db.jpg
5293889881,0.0,id-doc-front/2025/04/13/aa2143a8.jpg
5830733793,0.0,id-doc-front/2025/01/09/fd50d2e4.jpg
6068688900,0.0,id-doc-front/2025/04/19/8465613c.jpg
6040230827,0.0,id-doc-front/2025/04/06/cef597ec.jpg
4169044347,0.0,id-doc-front/2023/08/04/724ddd31.jpg
4867283197,0.0,id-doc-front/2023/12/10/02d78668.jpg
6053753533,0.0,id-doc-front/2025/04/13/3eea63e4.jpg
6068666118,0.0,id-doc-front/2025/04/20/91c777a2.jpg
4181817081,0.0,id-doc-front/2023/07/28/b2564867.jpg
6068681552,0.0,id-doc-front/2025/04/19/7c0f4d2c.jpg
6053182407,0.0,id-doc-front/2025/04/13/44defb04.jpg
5602810373,0.0,id-doc-front/2024/09/23/2899b86c.jpg
5475728024,0.0,id-doc-front/2024/08/10/401cdcc2.jpg
5573519836,0.0,id-doc-front/2024/09/12/fce9ee5b.jpg
5787012318,0.0,id-doc-front/2025/02/09/aa5d5c4a.jpg
5639967045,0.0,id-doc-front/2024/10/09/6a1dec08.jpg
5769684062,0.0,id-doc-front/2025/04/19/04e842be.jpg
5379290235,0.0,id-doc-front/2024/07/12/be553b56.jpg
6070241234,0.0,id-doc-front/2025/04/20/247d8960.jpg
5750032210,0.0,id-doc-front/2024/11/26/12f903e1.jpg
5834610277,0.0,id-doc-front/2025/01/02/c7f78b50.jpg
5431760434,0.0,id-doc-front/2024/08/23/f7c3dcfe.jpg
4135619647,0.0,id-doc-front/2023/07/13/3b1af0b7.jpg
5004807761,0.0,id-doc-front/2024/02/11/40147790.jpg
5226262771,0.0,id-doc-front/2025/02/04/3b6d2dbf.jpg
6054353593,0.0,id-doc-front/2025/04/13/5c43f1a0.jpg
6001981069,0.0,id-doc-front/2025/03/21/199269d8.jpg
5943666467,0.0,id-doc-front/2025/03/01/a9b6d419.jpg
6068777049,0.0,id-doc-front/2025/04/19/26043616.jpg
6068184489,0.0,id-doc-front/2025/04/19/ef620ce2.jpg
6070158403,0.0,id-doc-front/2025/04/20/1fddd791.jpg
6070125377,0.0,id-doc-front/2025/04/20/61614504.jpg
4323479046,0.0,id-doc-front/2023/09/09/8d599c04.jpg
6064458769,0.0,id-doc-front/2025/04/19/d9709289.jpg
5092693942,0.0,id-doc-front/2025/02/26/26f37ea9.jpg
6068863366,0.0,id-doc-front/2025/04/19/501485d7.jpg
6069729560,0.0,id-doc-front/2025/04/19/5f8b7961.jpg
5537516738,0.0,id-doc-front/2024/09/01/d5bab32c.jpg
6067358764,0.0,id-doc-front/2025/04/19/2e1c7cb1.jpg
6007399786,0.0,id-doc-front/2025/03/22/9dbdf3ed.jpg
6022760645,0.0,id-doc-front/2025/03/29/7fcfea7a.jpg
5811451901,0.0,id-doc-front/2024/12/23/9004bd42.jpg
5888178350,0.0,id-doc-front/2025/01/28/6371c1e1.jpg
5430355982,0.0,id-doc-front/2025/04/13/4061ebc2.jpg
5946484955,0.0,id-doc-front/2025/02/23/c51d85b6.jpg
6055046339,0.0,id-doc-front/2025/04/13/f81be53c.jpg
6055046025,0.0,id-doc-front/2025/04/13/5139596a.jpg
5446375713,0.0,id-doc-front/2024/07/31/0cda3e3e.jpg
5989632983,0.0,id-doc-front/2025/03/14/a4b2a463.jpg
5420521073,0.0,id-doc-front/2025/04/13/e70f9ab8.jpg
6068801205,0.0,id-doc-front/2025/04/19/e04ee757.jpg
5836177315,0.0,id-doc-front/2025/01/03/87aef8e9.jpg
5700570942,0.0,id-doc-front/2024/11/05/4ed679e1.jpg
5557661416,0.0,id-doc-front/2024/09/07/7eb327e3.jpg
5395418739,0.0,id-doc-front/2024/07/14/6b767da1.jpg
6031071494,0.0,id-doc-front/2025/04/03/0eec2c57.jpg
6054974197,0.0,id-doc-front/2025/04/13/07f387fe.jpg
6024080676,0.0,id-doc-front/2025/03/30/5ec6e07b.jpg
5844926125,0.0,id-doc-front/2025/01/07/1cfbb807.jpg
5879059577,0.0,id-doc-front/2025/04/03/caac4c98.jpg
6054953040,0.0,id-doc-front/2025/04/13/39befd7d.jpg
5885676687,0.0,id-doc-front/2025/01/27/c0665680.jpg
5622407561,0.0,id-doc-front/2024/10/02/355c63ea.jpg
4973083895,0.0,id-doc-front/2024/01/24/72436aa1.jpg
5829310991,0.0,id-doc-front/2024/12/31/0c8cee32.jpg
5015407775,0.0,id-doc-front/2024/12/22/46b10ad8.jpg
6027137396,0.0,id-doc-front/2025/04/01/131a6675.jpg
5112650295,0.0,id-doc-front/2024/04/08/92ac69dc.jpg
5219602976,0.0,id-doc-front/2024/05/15/9189dbc1.jpg
6054873221,0.0,id-doc-front/2025/04/13/8a4557f3.jpg
5813179639,0.0,id-doc-front/2024/12/23/fb2f400c.jpg
6024221769,0.0,id-doc-front/2025/03/30/d5627743.jpg
6054597434,0.0,id-doc-front/2025/04/13/0a4c0b67.jpg
4745937031,0.0,id-doc-front/2023/11/09/08037ee3.jpg
5981318314,0.0,id-doc-front/2025/03/10/4fe245d0.jpg
4894429769,0.0,id-doc-front/2023/12/17/5295b4f9.jpg
5716360566,0.0,id-doc-front/2024/11/12/b47a49e2.jpg
6054888367,0.0,id-doc-front/2025/04/13/b1d02042.jpg
5993922860,0.0,id-doc-front/2025/03/20/2d0657d1.jpg
6052821686,0.0,id-doc-front/2025/04/13/fabf378b.jpg
6054636194,0.0,id-doc-front/2025/04/13/cf7432ae.jpg
5974492770,0.0,id-doc-front/2025/03/07/2a299c17.jpg
5245863034,0.0,id-doc-front/2024/05/24/cb2fcb57.jpg
6054645752,0.0,id-doc-front/2025/04/13/042a42c5.jpg
6054653936,0.0,id-doc-front/2025/04/13/7dc27e3c.jpg
5499589516,0.0,id-doc-front/2024/08/18/e349b3fd.jpg
5706805191,0.0,id-doc-front/2024/11/08/e35e4858.jpg
5241163428,0.0,id-doc-front/2024/05/23/14e045ec.jpg
5941165813,0.0,id-doc-front/2025/02/20/60c8389d.jpg
6069368889,0.0,id-doc-front/2025/04/19/61e1a06b.jpg
6069500705,0.0,id-doc-front/2025/04/19/31b0ad31.jpg
6069489730,0.0,id-doc-front/2025/04/19/eb1a95ee.jpg
6069470224,0.0,id-doc-front/2025/04/19/8f733350.jpg
5266779108,0.0,id-doc-front/2024/11/27/913e9782.jpg
4838706706,0.0,id-doc-front/2025/03/10/58d46733.jpg
6067378313,0.0,id-doc-front/2025/04/19/922559d5.jpg
6054691435,0.0,id-doc-front/2025/04/13/faef6e70.jpg
5630822902,0.0,id-doc-front/2024/10/07/aff842b5.jpg
6069469078,0.0,id-doc-front/2025/04/19/f99eb567.jpg
5882718186,0.0,id-doc-front/2025/01/25/543c69da.jpg
6069437326,0.0,id-doc-front/2025/04/19/0775ee4d.jpg
5243698411,0.0,id-doc-front/2024/05/23/5d6d53a5.jpg
5526620227,0.0,id-doc-front/2024/08/28/21aabe5c.jpg
4301637996,0.0,id-doc-front/2023/09/04/d5532818.jpg
5997173683,0.0,id-doc-front/2025/03/17/49d83de5.jpg
4920311943,0.0,id-doc-front/2023/12/29/bf93322a.jpg
5846692275,0.0,id-doc-front/2025/01/08/c95a4695.jpg
5864838447,0.0,id-doc-front/2025/01/17/d2644322.jpg
6069364507,0.0,id-doc-front/2025/04/19/0bfed16e.jpg
5988314353,0.0,id-doc-front/2025/03/14/adabde95.jpg
5911033262,0.0,id-doc-front/2025/02/07/3b6caf89.jpg
6069100141,0.0,id-doc-front/2025/04/19/47b35c9b.jpg
6065911972,0.0,id-doc-front/2025/04/19/b9bc7430.jpg
6051301088,0.0,id-doc-front/2025/04/13/1c81ebcb.jpg
6067351117,0.0,id-doc-front/2025/04/19/39acb9ab.jpg
4187880696,0.0,id-doc-front/2023/07/30/2c021929.jpg
3953385453,0.0,id-doc-front/2023/08/29/b6bebec1.jpg
6054825213,0.0,id-doc-front/2025/04/13/238365cc.jpg
6069293018,0.0,id-doc-front/2025/04/19/7c9bb28a.jpg
6060139199,0.0,id-doc-front/2025/04/15/ef4a5e35.jpg
5882122269,0.0,id-doc-front/2025/02/14/74c0979c.jpg
5899528651,0.0,id-doc-front/2025/02/02/7e87256f.jpg
5976937478,0.0,id-doc-front/2025/03/08/58810dff.jpg
4530157444,0.0,id-doc-front/2023/10/08/5552a494.jpg
5725481419,0.0,id-doc-front/2025/04/09/2931dbe0.jpg
5581417732,0.0,id-doc-front/2024/09/22/a4a3bb72.jpg
6007787668,0.0,id-doc-front/2025/03/25/ff17b050.jpg
5954956541,0.0,id-doc-front/2025/02/26/04192c28.jpg
6046371160,0.0,id-doc-front/2025/04/09/3c34d6f9.jpg
5597767592,0.0,id-doc-front/2024/09/21/7d490fe0.jpg
6046411084,0.0,id-doc-front/2025/04/09/3d81107b.jpg
6046408782,0.0,id-doc-front/2025/04/09/0f10344a.jpg
4787723247,0.0,id-doc-front/2023/11/20/131825be.jpg
5974691372,0.0,id-doc-front/2025/03/07/ac2adb67.jpg
5465028265,0.0,id-doc-front/2024/08/13/17fa9de8.jpg
4867065561,0.0,id-doc-front/2024/03/15/edb90700.jpg
6060880905,0.0,id-doc-front/2025/04/16/9c8e340d.jpg
5239194545,0.0,id-doc-front/2024/05/22/91c7a8fc.jpg
6031822443,0.0,id-doc-front/2025/04/09/42be611f.jpg
6046499605,0.0,id-doc-front/2025/04/09/1af2b9a3.jpg
5908735232,0.0,id-doc-front/2025/02/06/d532de55.jpg
4965271372,0.0,id-doc-front/2024/10/20/0a3e7e11.jpg
6060117908,0.0,id-doc-front/2025/04/15/c4eb1707.jpg
5837431929,0.0,id-doc-front/2025/01/03/028c11ce.jpg
5958854929,0.0,id-doc-front/2025/02/28/8eddb6a0.jpg
6057791923,0.0,id-doc-front/2025/04/16/ed6d964d.jpg
5613074157,0.0,id-doc-front/2024/09/27/58c9264b.jpg
4859779580,0.0,id-doc-front/2024/09/28/1967ed38.jpg
6060209645,0.0,id-doc-front/2025/04/15/2866b02f.jpg
6046594695,0.0,id-doc-front/2025/04/09/ebef5df4.jpg
6082136652,0.0,id-doc-front/2025/04/25/1ff43b86.jpg
6082151716,0.0,id-doc-front/2025/04/25/042c7707.jpg
4931277462,0.0,id-doc-front/2024/07/25/2db9132b.jpg
5866496793,0.0,id-doc-front/2025/01/18/43b6b4f8.jpg
6046625669,0.0,id-doc-front/2025/04/09/a36f6ffa.jpg
6022329519,0.0,id-doc-front/2025/04/09/b49104bb.jpg
6045682191,0.0,id-doc-front/2025/04/09/f27e5977.jpg
6039696509,0.0,id-doc-front/2025/04/09/c08dae93.jpg
5502420595,0.0,id-doc-front/2024/08/30/e2964627.jpg
4311019148,0.0,id-doc-front/2023/09/06/a2446e1a.jpg
6046643421,0.0,id-doc-front/2025/04/09/be54a957.jpg
6029155291,0.0,id-doc-front/2025/04/01/eff08857.jpg
6058318550,0.0,id-doc-front/2025/04/15/80630922.jpg
6082063666,0.0,id-doc-front/2025/04/25/239ffba5.jpg
6046652597,0.0,id-doc-front/2025/04/09/6018771f.jpg
5628696329,0.0,id-doc-front/2024/10/04/4587a9dc.jpg
5876898832,0.0,id-doc-front/2025/01/23/c86df8be.jpg
6082016040,0.0,id-doc-front/2025/04/25/61750926.jpg
6082019169,0.0,id-doc-front/2025/04/25/a4a96cbb.jpg
6082006695,0.0,id-doc-front/2025/04/25/5df82323.jpg
6045140159,0.0,id-doc-front/2025/04/09/02a51282.jpg
6061093303,0.0,id-doc-front/2025/04/16/ae9efdfd.jpg
5501202953,0.0,id-doc-front/2024/08/19/b029b3f1.jpg
4786938391,0.0,id-doc-front/2023/11/20/cb77772d.jpg
5987059659,0.0,id-doc-front/2025/03/13/818a9753.jpg
5419823225,0.0,id-doc-front/2024/07/22/f33a49a7.jpg
4408685037,0.0,id-doc-front/2023/09/25/f6919d02.jpg
6004629695,0.0,id-doc-front/2025/03/21/1e25d178.jpg
6004629695,0.0,id-doc-front/2025/03/21/9ac8f539.jpg
6046698325,0.0,id-doc-front/2025/04/09/526deadf.jpg
5267166022,0.0,id-doc-front/2025/04/16/61505d5e.jpg
6046698592,0.0,id-doc-front/2025/04/09/3024d3f0.jpg
6019919905,0.0,id-doc-front/2025/03/28/1e85fba3.jpg
5717114644,0.0,id-doc-front/2024/11/12/cb322510.jpg
6061281723,0.0,id-doc-front/2025/04/16/3be83304.jpg
6060126751,0.0,id-doc-front/2025/04/15/396b4cfc.jpg
5710607112,0.0,id-doc-front/2024/11/09/de094cf2.jpg
5885521395,0.0,id-doc-front/2025/01/27/e9568640.jpg
5999387267,0.0,id-doc-front/2025/03/18/46e81216.jpg
6060079732,0.0,id-doc-front/2025/04/15/4841bdfe.jpg
6081885654,0.0,id-doc-front/2025/04/25/26a951dd.jpg
6081847201,0.0,id-doc-front/2025/04/25/13289ff7.jpg
5476722750,0.0,id-doc-front/2024/08/14/239c648e.jpg
6032915039,0.0,id-doc-front/2025/04/03/1a6f7e7a.jpg
5065762612,0.0,id-doc-front/2025/04/16/bb41e200.jpg
6011434574,0.0,id-doc-front/2025/03/26/cfc2ec00.jpg
5928868473,0.0,id-doc-front/2025/03/10/a8f3d3c4.jpg
6037986402,0.0,id-doc-front/2025/04/06/3f43071f.jpg
5923513637,0.0,id-doc-front/2025/02/13/04dc0eb0.jpg
4965077238,0.0,id-doc-front/2024/01/21/bb273179.jpg
5907201608,0.0,id-doc-front/2025/02/05/2a0893bb.jpg
6081722688,0.0,id-doc-front/2025/04/25/c3512dad.jpg
6081724644,0.0,id-doc-front/2025/04/25/0b836cbf.jpg
5485453393,0.0,id-doc-front/2024/08/14/e500c9cf.jpg
6061414947,0.0,id-doc-front/2025/04/16/75f5a6a3.jpg
5897119225,0.0,id-doc-front/2025/02/01/cbd01df4.jpg
4931887217,0.0,id-doc-front/2024/03/12/455c3ccc.jpg
6046781767,0.0,id-doc-front/2025/04/09/a8ad5ae8.jpg
6081032462,0.0,id-doc-front/2025/04/25/7ba17194.jpg
6060027858,0.0,id-doc-front/2025/04/15/065b7ad3.jpg
5969330474,0.0,id-doc-front/2025/03/05/3803553c.jpg
4916811058,0.0,id-doc-front/2023/12/27/78677954.jpg
5036108487,0.0,id-doc-front/2024/02/29/a0c619c9.jpg
6020920944,0.0,id-doc-front/2025/03/29/c458814f.jpg
5882744875,0.0,id-doc-front/2025/01/25/1592c045.jpg
6059619502,0.0,id-doc-front/2025/04/16/39efb1fe.jpg
5721400031,0.0,id-doc-front/2024/11/14/4841a375.jpg
3971782213,0.0,id-doc-front/2023/05/17/738b40c0.jpg
5111602055,0.0,id-doc-front/2024/04/01/69b451c8.jpg
6081528801,0.0,id-doc-front/2025/04/25/4fb224d6.jpg
4137669168,0.0,id-doc-front/2023/07/21/1094c0d2.jpg
4352200729,0.0,id-doc-front/2023/09/16/df837206.jpg
4314162862,0.0,id-doc-front/2023/09/07/0d4ced40.jpg
5742487914,0.0,id-doc-front/2024/12/05/5d62cf0c.jpg
4977543579,0.0,id-doc-front/2024/01/27/fc7f2e66.jpg
6061549461,0.0,id-doc-front/2025/04/16/647ccc24.jpg
6061556665,0.0,id-doc-front/2025/04/16/2e10fdbc.jpg
5938844105,0.0,id-doc-front/2025/02/19/83d82b21.jpg
6079885627,0.0,id-doc-front/2025/04/25/a53bacb7.jpg
4707404056,0.0,id-doc-front/2023/11/01/bf8357af.jpg
5414535159,0.0,id-doc-front/2024/07/20/2e15642d.jpg
6061553432,0.0,id-doc-front/2025/04/16/6e208d10.jpg
6081383910,0.0,id-doc-front/2025/04/25/78935c02.jpg
6061561565,0.0,id-doc-front/2025/04/16/e0ebaab7.jpg
5345892595,0.0,id-doc-front/2024/06/26/d6f77bd4.jpg
5936895321,0.0,id-doc-front/2025/02/19/a3f3d79b.jpg
5075941790,0.0,id-doc-front/2024/03/19/13606ed9.jpg
6047264021,0.0,id-doc-front/2025/04/10/7c8fffa6.jpg
5071051858,0.0,id-doc-front/2024/03/17/1a0ec7ee.jpg
6081332554,0.0,id-doc-front/2025/04/25/47fbf3a5.jpg
6007898519,0.0,id-doc-front/2025/03/22/39a658e9.jpg
4486403823,0.0,id-doc-front/2023/10/03/dc0bf933.jpg
4498130231,0.0,id-doc-front/2023/10/04/d6ff0231.jpg
4498601450,0.0,id-doc-front/2025/04/15/ce88646d.jpg
6024617353,0.0,id-doc-front/2025/03/30/a3f82e1d.jpg
6059935692,0.0,id-doc-front/2025/04/15/7fc25b53.jpg
6081148765,0.0,id-doc-front/2025/04/25/77a4ab89.jpg
5890186407,0.0,id-doc-front/2025/01/29/5416c640.jpg
6059921005,0.0,id-doc-front/2025/04/15/590fc044.jpg
6047316825,0.0,id-doc-front/2025/04/10/359b4ef5.jpg
5652454982,0.0,id-doc-front/2024/10/14/8f603d45.jpg
6059652346,0.0,id-doc-front/2025/04/15/6246e17a.jpg
5495982496,0.0,id-doc-front/2024/11/24/59254f1d.jpg
5232690423,0.0,id-doc-front/2024/05/19/23aecfaf.jpg
5188241996,0.0,id-doc-front/2024/05/10/ff17b46a.jpg
5168770410,0.0,id-doc-front/2024/04/22/78773d7e.jpg
6061605052,0.0,id-doc-front/2025/04/16/7b073727.jpg
5973941976,0.0,id-doc-front/2025/03/07/b4ed332e.jpg
6057855833,0.0,id-doc-front/2025/04/15/c4b3c2fc.jpg
6061595873,0.0,id-doc-front/2025/04/16/3a8b1243.jpg
5552091222,0.0,id-doc-front/2024/09/06/dd42eb77.jpg
6080644620,0.0,id-doc-front/2025/04/24/099f783c.jpg
6047388489,0.0,id-doc-front/2025/04/10/25b63766.jpg
5975506322,0.0,id-doc-front/2025/03/08/722683ba.jpg
4334139380,0.0,id-doc-front/2023/09/12/f02313c3.jpg
4960381717,0.0,id-doc-front/2024/01/18/6cb30ed9.jpg
4701520316,0.0,id-doc-front/2023/10/31/d8a0e211.jpg
5796177452,0.0,id-doc-front/2025/04/02/c7b41306.jpg
6061650492,0.0,id-doc-front/2025/04/16/b8d4dc17.jpg
6048430166,0.0,id-doc-front/2025/04/15/dd7d42f0.jpg
6058537019,0.0,id-doc-front/2025/04/15/684a9176.jpg
6080725478,0.0,id-doc-front/2025/04/24/d557edc6.jpg
6059850807,0.0,id-doc-front/2025/04/15/6176ed0f.jpg
6061667175,0.0,id-doc-front/2025/04/16/dc78629d.jpg
6080744191,0.0,id-doc-front/2025/04/24/46d21239.jpg
6060199389,0.0,id-doc-front/2025/04/15/e6dd9cac.jpg
5844731717,0.0,id-doc-front/2025/01/08/2f581d4e.jpg
6036791841,0.0,id-doc-front/2025/04/05/0f506d95.jpg
5823564739,0.0,id-doc-front/2024/12/28/493738d0.jpg
6059714943,0.0,id-doc-front/2025/04/15/1f903fd4.jpg
6080636448,0.0,id-doc-front/2025/04/24/920d1a51.jpg
5982076614,0.0,id-doc-front/2025/04/03/2434437b.jpg
6059783909,0.0,id-doc-front/2025/04/15/eb56c34d.jpg
5466065569,0.0,id-doc-front/2024/08/07/27cb6820.jpg
6052897250,0.0,id-doc-front/2025/04/16/30ce05e5.jpg
5600833024,0.0,id-doc-front/2024/09/22/af51d608.jpg
5857989842,0.0,id-doc-front/2025/01/14/5e6d3763.jpg
6080570539,0.0,id-doc-front/2025/04/24/501a7f26.jpg
5350227112,0.0,id-doc-front/2025/04/15/de5c0847.jpg
5166666066,0.0,id-doc-front/2024/04/22/769cd16d.jpg
6061724676,0.0,id-doc-front/2025/04/16/363ae1a3.jpg
6047526578,0.0,id-doc-front/2025/04/10/82e335cb.jpg
6047526585,0.0,id-doc-front/2025/04/10/1d1a1caf.jpg
6017276444,0.0,id-doc-front/2025/03/27/6fbdb2e6.jpg
5913054981,0.0,id-doc-front/2025/02/08/61af59a7.jpg
5661593609,0.0,id-doc-front/2024/10/18/0e5dc064.jpg
5064448234,0.0,id-doc-front/2024/03/13/a341fe97.jpg
6059750739,0.0,id-doc-front/2025/04/15/f23bcea5.jpg
6080506780,0.0,id-doc-front/2025/04/24/e98b881c.jpg
5911500936,0.0,id-doc-front/2025/02/07/77de6008.jpg
6061926687,0.0,id-doc-front/2025/04/16/332482f3.jpg
5739483073,0.0,id-doc-front/2024/11/22/d3b5e264.jpg
4990693138,0.0,id-doc-front/2024/02/03/af3626a7.jpg
4109565159,0.0,id-doc-front/2025/04/16/37d9cc9d.jpg
5813379096,0.0,id-doc-front/2024/12/23/bf74fbb2.jpg
6080411395,0.0,id-doc-front/2025/04/24/e415be2c.jpg
6080464887,0.0,id-doc-front/2025/04/24/2ad657bd.jpg
6059719943,0.0,id-doc-front/2025/04/15/43810072.jpg
6046031892,0.0,id-doc-front/2025/04/10/8c75a198.jpg
6058038075,0.0,id-doc-front/2025/04/15/1584e119.jpg
5211744430,0.0,id-doc-front/2024/05/11/81493ba6.jpg
5987519496,0.0,id-doc-front/2025/03/13/c6923468.jpg
5779144482,0.0,id-doc-front/2024/12/08/f22ea571.jpg
6046375590,0.0,id-doc-front/2025/04/10/9af5ccad.jpg
4960632350,0.0,id-doc-front/2024/01/18/15c5d07f.jpg
6059683283,0.0,id-doc-front/2025/04/15/6fffd06d.jpg
4315533757,0.0,id-doc-front/2023/09/07/0054ecf4.jpg
4983898022,0.0,id-doc-front/2024/01/31/c4c1f89d.jpg
5950938869,0.0,id-doc-front/2025/04/16/b7f849a0.jpg
4315078820,0.0,id-doc-front/2023/09/07/c32e5c70.jpg
6062275847,0.0,id-doc-front/2025/04/16/9c161b92.jpg
5403671431,0.0,id-doc-front/2025/04/24/4d410739.jpg
6062297651,0.0,id-doc-front/2025/04/16/a52463ef.jpg
6062297651,0.0,id-doc-front/2025/04/16/a52463ef.jpg
5877647452,0.0,id-doc-front/2025/01/27/836e4d1e.jpg
5814697299,0.0,id-doc-front/2025/04/24/2853eb46.jpg
5965315361,0.0,id-doc-front/2025/03/03/d96dcdf2.jpg
5725024431,0.0,id-doc-front/2024/11/16/9bd2910c.jpg
5960172740,0.0,id-doc-front/2025/04/15/7a04ec65.jpg
6062158772,0.0,id-doc-front/2025/04/16/52f350ff.jpg
6080216610,0.0,id-doc-front/2025/04/24/70911e33.jpg
5618537874,0.0,id-doc-front/2024/09/30/5ff1378d.jpg
4858362095,0.0,id-doc-front/2025/02/20/bc46df37.jpg
5858633475,0.0,id-doc-front/2025/01/14/5ef157a6.jpg
5435881495,0.0,id-doc-front/2024/07/27/133bc50e.jpg
6080213938,0.0,id-doc-front/2025/04/24/2994a697.jpg
5863285111,0.0,id-doc-front/2025/01/16/d13bfc48.jpg
5767138590,0.0,id-doc-front/2024/12/03/2e9fbf44.jpg
5915251774,0.0,id-doc-front/2025/02/09/b75ce00f.jpg
5202928913,0.0,id-doc-front/2024/05/07/bf3a7f5b.jpg
5374452765,0.0,id-doc-front/2025/04/15/fc264f8f.jpg
6047749228,0.0,id-doc-front/2025/04/10/50bc45c6.jpg
6062271516,0.0,id-doc-front/2025/04/16/3aa66a6e.jpg
5798664252,0.0,id-doc-front/2024/12/17/c9abf266.jpg
5897527111,0.0,id-doc-front/2025/02/01/619ac7b2.jpg
6069602291,0.0,id-doc-front/2025/04/24/24fc5ded.jpg
6059591364,0.0,id-doc-front/2025/04/15/a0875347.jpg
5571966460,0.0,id-doc-front/2025/04/05/9ae58086.jpg
5856486947,0.0,id-doc-front/2025/01/13/b93bb23e.jpg
5342734518,0.0,id-doc-front/2024/06/24/4f7d6d28.jpg
6059592421,0.0,id-doc-front/2025/04/15/fd91a3a9.jpg
5681451761,0.0,id-doc-front/2024/10/28/8bbddca8.jpg
6047788880,0.0,id-doc-front/2025/04/10/9583d300.jpg
6047788880,0.0,id-doc-front/2025/04/10/9583d300.jpg
6080131533,0.0,id-doc-front/2025/04/24/51f15472.jpg
5497960179,0.0,id-doc-front/2024/08/18/3ac1023f.jpg
5622199961,0.0,id-doc-front/2024/10/01/c214a6da.jpg
5876763297,0.0,id-doc-front/2025/01/23/75fb3b2d.jpg
6080087604,0.0,id-doc-front/2025/04/24/6dd2a639.jpg
5686131336,0.0,id-doc-front/2024/10/30/207f120e.jpg
6011861087,0.0,id-doc-front/2025/03/24/41225362.jpg
5860992045,0.0,id-doc-front/2025/01/17/b1e95545.jpg
5683094247,0.0,id-doc-front/2024/10/28/6e1613fb.jpg
5984453165,0.0,id-doc-front/2025/03/12/ac51def5.jpg
6047782529,0.0,id-doc-front/2025/04/10/0104e71e.jpg
6006067136,0.0,id-doc-front/2025/03/22/f2bcd226.jpg
6080058360,0.0,id-doc-front/2025/04/24/38d1d0fd.jpg
5959087188,0.0,id-doc-front/2025/02/28/96ccbd21.jpg
6080015505,0.0,id-doc-front/2025/04/24/57fe493e.jpg
5880841801,0.0,id-doc-front/2025/01/24/5eb3ed25.jpg
6043684642,0.0,id-doc-front/2025/04/08/21150b7b.jpg
6080037812,0.0,id-doc-front/2025/04/24/a82a4544.jpg
4116346780,0.0,id-doc-front/2023/07/06/e8a0ca94.jpg
5142265627,0.0,id-doc-front/2024/04/13/54cb9658.jpg
6024917519,0.0,id-doc-front/2025/03/30/35cf3f1c.jpg
6059526069,0.0,id-doc-front/2025/04/15/08c0b408.jpg
5617400746,0.0,id-doc-front/2024/09/29/6486d60d.jpg
5689344203,0.0,id-doc-front/2024/10/31/b29f74d8.jpg
5873251094,0.0,id-doc-front/2025/01/21/a50e1633.jpg
5111586552,0.0,id-doc-front/2024/04/01/4369efe5.jpg
4505326790,0.0,id-doc-front/2023/10/05/39224190.jpg
5418791893,0.0,id-doc-front/2024/07/21/477e3115.jpg
6059515678,0.0,id-doc-front/2025/04/15/2a4bceb3.jpg
4658377478,0.0,id-doc-front/2023/10/24/821f4c9e.jpg
5875453865,0.0,id-doc-front/2025/01/22/3d63d65c.jpg
5675951887,0.0,id-doc-front/2024/10/25/c7695394.jpg
5577488155,0.0,id-doc-front/2024/09/16/cfd695fb.jpg
6062453173,0.0,id-doc-front/2025/04/16/ca76ad0f.jpg
6052342759,0.0,id-doc-front/2025/04/24/861b28c8.jpg
6062536790,0.0,id-doc-front/2025/04/16/2a90bbb2.jpg
6062557338,0.0,id-doc-front/2025/04/16/4c3b538d.jpg
5871098151,0.0,id-doc-front/2025/03/17/bfc8cfa2.jpg
5297837608,0.0,id-doc-front/2024/06/08/9ab3566f.jpg
6079889367,0.0,id-doc-front/2025/04/24/e9560a24.jpg
6047937768,0.0,id-doc-front/2025/04/10/c4db6e49.jpg
5967361763,0.0,id-doc-front/2025/03/04/3052722c.jpg
6047940391,0.0,id-doc-front/2025/04/10/f6ea508f.jpg
6047992049,0.0,id-doc-front/2025/04/10/7dbcf3ca.jpg
4244839128,0.0,id-doc-front/2025/04/16/88cdc0f3.jpg
5479180928,0.0,id-doc-front/2024/08/11/d7f7c51f.jpg
5871590108,0.0,id-doc-front/2025/01/20/27b75d0f.jpg
6059434943,0.0,id-doc-front/2025/04/15/27a417b3.jpg
4822823168,0.0,id-doc-front/2023/11/24/7f669426.jpg
6048015481,0.0,id-doc-front/2025/04/10/b0390eba.jpg
5892182509,0.0,id-doc-front/2025/01/30/f0430f6e.jpg
6079829909,0.0,id-doc-front/2025/04/24/1455c2f0.jpg
5880404055,0.0,id-doc-front/2025/01/24/f0e62f4f.jpg
6060345610,0.0,id-doc-front/2025/04/16/f4c51c3f.jpg
6079827405,0.0,id-doc-front/2025/04/24/a223f193.jpg
5896527371,0.0,id-doc-front/2025/02/01/feef7dfa.jpg
5564746326,0.0,id-doc-front/2025/04/08/a9a336e7.jpg
6045911334,0.0,id-doc-front/2025/04/10/58b4c66f.jpg
5699676095,0.0,id-doc-front/2024/11/05/b47ad018.jpg
5803281788,0.0,id-doc-front/2024/12/19/6a020634.jpg
6014182038,0.0,id-doc-front/2025/03/25/078b027f.jpg
5034720041,0.0,id-doc-front/2024/02/28/0f7199b6.jpg
5753633560,0.0,id-doc-front/2024/11/28/8dc19167.jpg
4324283068,0.0,id-doc-front/2023/09/09/ba6db452.jpg
5758426727,0.0,id-doc-front/2024/11/29/12d81b7e.jpg
5089697419,0.0,id-doc-front/2024/04/12/ec49e7f4.jpg
6048098814,0.0,id-doc-front/2025/04/10/a537962e.jpg
5184517396,0.0,id-doc-front/2024/04/29/d4d7c113.jpg
6011051772,0.0,id-doc-front/2025/03/25/a72a2cef.jpg
5233212061,0.0,id-doc-front/2024/05/23/3b8024d0.jpg
6061720084,0.0,id-doc-front/2025/04/16/00a1217d.jpg
5922350111,0.0,id-doc-front/2025/02/12/ec844696.jpg
6048127585,0.0,id-doc-front/2025/04/10/6154af3c.jpg
6059366482,0.0,id-doc-front/2025/04/15/c03d3ba8.jpg
5893558980,0.0,id-doc-front/2025/01/30/1924dd95.jpg
4175130221,0.0,id-doc-front/2023/08/07/6995a5c1.jpg
5407061773,0.0,id-doc-front/2024/07/17/2aeb4c5b.jpg
6079598623,0.0,id-doc-front/2025/04/24/e1163e36.jpg
5008981645,0.0,id-doc-front/2024/02/13/a1c06549.jpg
4058203747,0.0,id-doc-front/2023/06/16/71b5b114.jpg
6029155291,0.0,id-doc-front/2025/04/01/eff08857.jpg
5866746073,0.0,id-doc-front/2025/01/18/ba088638.jpg
6046720927,0.0,id-doc-front/2025/04/10/cb07f260.jpg
6048255948,0.0,id-doc-front/2025/04/10/16aab04b.jpg
6037452870,0.0,id-doc-front/2025/04/05/c685e914.jpg
6079545391,0.0,id-doc-front/2025/04/24/87b769ee.jpg
6079546581,0.0,id-doc-front/2025/04/24/d1a26bfc.jpg
6079532604,0.0,id-doc-front/2025/04/24/98fb5592.jpg
6062566047,0.0,id-doc-front/2025/04/16/e1b96b5e.jpg
6079537499,0.0,id-doc-front/2025/04/24/6fae265b.jpg
6059340946,0.0,id-doc-front/2025/04/15/f7d9b43c.jpg
6059254615,0.0,id-doc-front/2025/04/15/1a8dc2d1.jpg
4955353616,0.0,id-doc-front/2024/01/15/d807dabc.jpg
6062791499,0.0,id-doc-front/2025/04/16/777b9d54.jpg
6059285955,0.0,id-doc-front/2025/04/15/b9cf1d90.jpg
5594457996,0.0,id-doc-front/2024/09/19/5d6791fd.jpg
4759746620,0.0,id-doc-front/2023/11/15/51f94c5d.jpg
6079406103,0.0,id-doc-front/2025/04/24/116a0ac7.jpg
5525502891,0.0,id-doc-front/2024/08/28/b1409988.jpg
6062796403,0.0,id-doc-front/2025/04/16/81631365.jpg
5725037324,0.0,id-doc-front/2024/11/16/bcc7d912.jpg
5921175136,0.0,id-doc-front/2025/04/07/84169a24.jpg
6078507039,0.0,id-doc-front/2025/04/23/2fc4fd80.jpg
5148677764,0.0,id-doc-front/2024/04/16/08235967.jpg
6060203176,0.0,id-doc-front/2025/04/16/abc6f50e.jpg
6079368642,0.0,id-doc-front/2025/04/24/faa06dd6.jpg
6077940844,0.0,id-doc-front/2025/04/23/671fa09f.jpg
5982564557,0.0,id-doc-front/2025/03/16/6a78ae4e.jpg
5870811031,0.0,id-doc-front/2025/01/21/6f84ee4d.jpg
6010165381,0.0,id-doc-front/2025/03/24/377b35f2.jpg
5943606479,0.0,id-doc-front/2025/02/21/de2f2679.jpg
6057930984,0.0,id-doc-front/2025/04/15/ef80cd34.jpg
6059234461,0.0,id-doc-front/2025/04/15/5144cc36.jpg
6053736154,0.0,id-doc-front/2025/04/16/8be1b311.jpg
6018085087,0.0,id-doc-front/2025/03/29/7453f4dc.jpg
5910708196,0.0,id-doc-front/2025/02/08/e6b36e50.jpg
5956921150,0.0,id-doc-front/2025/04/15/5b580523.jpg
4962794887,0.0,id-doc-front/2024/01/19/e623338c.jpg
5635126535,0.0,id-doc-front/2024/10/07/63e70c45.jpg
6059213784,0.0,id-doc-front/2025/04/15/e51cb4e0.jpg
5510695874,0.0,id-doc-front/2024/08/22/b6273a30.jpg
6011494316,0.0,id-doc-front/2025/03/24/c0b9c24e.jpg
5947660711,0.0,id-doc-front/2025/02/24/8872307b.jpg
5972795029,0.0,id-doc-front/2025/03/06/170c6c97.jpg
4553073708,0.0,id-doc-front/2023/10/11/34e0d189.jpg
5824633659,0.0,id-doc-front/2024/12/29/221031f0.jpg
5825599898,0.0,id-doc-front/2024/12/29/83b80a38.jpg
6013527741,0.0,id-doc-front/2025/03/25/c6bd421b.jpg
5523954459,0.0,id-doc-front/2025/03/09/970c3cf4.jpg
5979523168,0.0,id-doc-front/2025/03/10/e53caccb.jpg
6079026226,0.0,id-doc-front/2025/04/24/7289450a.jpg
6048647835,0.0,id-doc-front/2025/04/10/2bebf75a.jpg
6050630201,0.0,id-doc-front/2025/04/16/34f858bb.jpg
6078777297,0.0,id-doc-front/2025/04/24/3fcb2b8e.jpg
5351542498,0.0,id-doc-front/2024/06/28/8f62f9b3.jpg
5858417451,0.0,id-doc-front/2025/01/14/ad152c01.jpg
5737020566,0.0,id-doc-front/2024/11/21/7cc83b7b.jpg
5316110065,0.0,id-doc-front/2024/06/24/ace7d0e4.jpg
6078554846,0.0,id-doc-front/2025/04/24/80029cbd.jpg
6059138823,0.0,id-doc-front/2025/04/15/aaaec9d5.jpg
5987589029,0.0,id-doc-front/2025/03/13/45d668fd.jpg
5072146525,0.0,id-doc-front/2024/03/17/e0d708f4.jpg
5442110621,0.0,id-doc-front/2024/11/20/3070c2b6.jpg
5929435673,0.0,id-doc-front/2025/02/15/f148e313.jpg
5849160629,0.0,id-doc-front/2025/04/15/cc444f8f.jpg
6076182075,0.0,id-doc-front/2025/04/23/c54af748.jpg
5813803169,0.0,id-doc-front/2024/12/23/8befa0fe.jpg
6078380974,0.0,id-doc-front/2025/04/23/d4634d05.jpg
5339961909,0.0,id-doc-front/2024/06/23/91fcd319.jpg
6061976012,0.0,id-doc-front/2025/04/16/e0c55b0d.jpg
6034775277,0.0,id-doc-front/2025/04/04/6f46370f.jpg
5324925601,0.0,id-doc-front/2024/06/18/5112a1f3.jpg
5970536558,0.0,id-doc-front/2025/03/05/74f8247a.jpg
6031260068,0.0,id-doc-front/2025/04/02/7043f86b.jpg
5052841980,0.0,id-doc-front/2024/03/09/260419e5.jpg
5942033991,0.0,id-doc-front/2025/02/21/02bcfab9.jpg
5942033991,0.0,id-doc-front/2025/02/21/02bcfab9.jpg
4190524844,0.0,id-doc-front/2023/07/31/e2c405dd.jpg
6019470496,0.0,id-doc-front/2025/03/30/678ca042.jpg
5939984387,0.0,id-doc-front/2025/02/21/d6d31913.jpg
4999374278,0.0,id-doc-front/2025/04/10/a0868444.jpg
5682575835,0.0,id-doc-front/2024/10/28/f9f861c2.jpg
6031536639,0.0,id-doc-front/2025/04/02/15d8dca7.jpg
6078298205,0.0,id-doc-front/2025/04/23/055779ff.jpg
6077547266,0.0,id-doc-front/2025/04/23/3a5d9d0d.jpg
6078284821,0.0,id-doc-front/2025/04/23/e7c983f6.jpg
5835966444,0.0,id-doc-front/2025/01/21/a9b92a67.jpg
5560037359,0.0,id-doc-front/2024/09/08/ae2c8b50.jpg
5461131197,0.0,id-doc-front/2024/08/05/22f6814d.jpg
5022144592,0.0,id-doc-front/2024/02/21/0a68a600.jpg
6078224371,0.0,id-doc-front/2025/04/23/bc1b9e85.jpg
5480020457,0.0,id-doc-front/2024/08/13/ac56e14c.jpg
5388995205,0.0,id-doc-front/2025/04/04/d5e15d6a.jpg
5758259305,0.0,id-doc-front/2024/11/29/efd0c558.jpg
6041594397,0.0,id-doc-front/2025/04/09/0c4a98e4.jpg
6063282642,0.0,id-doc-front/2025/04/17/8c6bf13b.jpg
5489634560,0.0,id-doc-front/2024/08/15/561ce6c4.jpg
6003170123,0.0,id-doc-front/2025/03/31/6beafd15.jpg
6009445886,0.0,id-doc-front/2025/03/24/a9e71cf1.jpg
5537018541,0.0,id-doc-front/2024/09/01/c4b29fe4.jpg
5748411445,0.0,id-doc-front/2024/11/25/9bb66f93.jpg
5727787956,0.0,id-doc-front/2025/03/16/eb044fba.jpg
5842135458,0.0,id-doc-front/2025/01/06/ecf7130b.jpg
5383534337,0.0,id-doc-front/2024/07/09/2ec2c4d9.jpg
5465145709,0.0,id-doc-front/2024/08/06/9c965941.jpg
6078198370,0.0,id-doc-front/2025/04/23/4e29f2b5.jpg
5555639442,0.0,id-doc-front/2025/04/23/6e5bea04.jpg
4918448384,0.0,id-doc-front/2023/12/28/8bdb19d3.jpg
5757562397,0.0,id-doc-front/2025/04/15/00c99299.jpg
5469248206,0.0,id-doc-front/2024/08/08/8979ab74.jpg
5783147568,0.0,id-doc-front/2024/12/10/8ee5cb02.jpg
5846370426,0.0,id-doc-front/2025/01/08/97c27e58.jpg
5994348823,0.0,id-doc-front/2025/03/16/10efd464.jpg
4746320813,0.0,id-doc-front/2023/11/10/e5a15fb1.jpg
6078090547,0.0,id-doc-front/2025/04/23/dd576efc.jpg
5766223008,0.0,id-doc-front/2024/12/03/ce0e6d2f.jpg
6058827130,0.0,id-doc-front/2025/04/15/490480c7.jpg
6078087824,0.0,id-doc-front/2025/04/23/bb3dfb5f.jpg
6078106066,0.0,id-doc-front/2025/04/23/ed5ebe5a.jpg
6077765961,0.0,id-doc-front/2025/04/23/f68f94c0.jpg
6041373799,0.0,id-doc-front/2025/04/07/abee6e80.jpg
6058536116,0.0,id-doc-front/2025/04/23/384d905d.jpg
5898020931,0.0,id-doc-front/2025/03/25/0cbcd9f5.jpg
6046195220,0.0,id-doc-front/2025/04/09/11e97882.jpg
5162860860,0.0,id-doc-front/2025/02/15/716912ad.jpg
6078001159,0.0,id-doc-front/2025/04/23/95a5ff04.jpg
5640304499,0.0,id-doc-front/2024/10/09/b73abd1f.jpg
5189416571,0.0,id-doc-front/2024/05/01/eca4ed61.jpg
5940227615,0.0,id-doc-front/2025/02/20/b7d8d1dd.jpg
6002972395,0.0,id-doc-front/2025/03/21/7e28dc9a.jpg
6049035043,0.0,id-doc-front/2025/04/10/2ac9bd8a.jpg
5560076437,0.0,id-doc-front/2024/11/18/85ac27d8.jpg
5085426117,0.0,id-doc-front/2024/03/23/2b4ea631.jpg
5797970676,0.0,id-doc-front/2024/12/17/a820dbbb.jpg
6077931827,0.0,id-doc-front/2025/04/23/f52bb44c.jpg
5949766117,0.0,id-doc-front/2025/02/24/ba167f09.jpg
6058739689,0.0,id-doc-front/2025/04/15/6d342059.jpg
5934929234,0.0,id-doc-front/2025/02/18/66f66598.jpg
6063670976,0.0,id-doc-front/2025/04/17/c9d574c0.jpg
6049091550,0.0,id-doc-front/2025/04/10/796a752a.jpg
5926229993,0.0,id-doc-front/2025/02/14/72eca1e7.jpg
5952079489,0.0,id-doc-front/2025/02/25/fb114ad7.jpg
6077885607,0.0,id-doc-front/2025/04/23/0a6b9f10.jpg
6077832115,0.0,id-doc-front/2025/04/23/868bd264.jpg
5512310916,0.0,id-doc-front/2024/08/23/cc771711.jpg
6037891695,0.0,id-doc-front/2025/04/06/8897e2e3.jpg
6063708710,0.0,id-doc-front/2025/04/17/b67ca07d.jpg
5885979440,0.0,id-doc-front/2025/01/27/f740d290.jpg
5865481568,0.0,id-doc-front/2025/01/18/69c070c2.jpg
5077637030,0.0,id-doc-front/2024/03/20/0fb8d125.jpg
4242401027,0.0,id-doc-front/2023/08/17/0470d35d.jpg
6001565728,0.0,id-doc-front/2025/03/19/fd7c3d06.jpg
5204983583,0.0,id-doc-front/2024/05/09/e3e667f7.jpg
6056462157,0.0,id-doc-front/2025/04/17/ab83fb4a.jpg
6077804466,0.0,id-doc-front/2025/04/23/edc2ea10.jpg
5996277813,0.0,id-doc-front/2025/03/17/82ef3f7a.jpg
5198635840,0.0,id-doc-front/2024/07/31/c0915c0c.jpg
5745383796,0.0,id-doc-front/2024/11/24/12934f08.jpg
5860990360,0.0,id-doc-front/2025/01/15/66329b52.jpg
6049164265,0.0,id-doc-front/2025/04/10/a7c499b9.jpg
6046094167,0.0,id-doc-front/2025/04/09/115adb2c.jpg
6058627236,0.0,id-doc-front/2025/04/15/8d91926e.jpg
5105142508,0.0,id-doc-front/2024/04/03/ff1893b3.jpg
5227533017,0.0,id-doc-front/2024/05/17/85127e2d.jpg
5159890965,0.0,id-doc-front/2024/04/19/ab93cd3e.jpg
5877183912,0.0,id-doc-front/2025/01/23/42093b30.jpg
5964186196,0.0,id-doc-front/2025/03/09/b679b9be.jpg
5867125850,0.0,id-doc-front/2025/04/23/ac1c8cb8.jpg
6059163556,0.0,id-doc-front/2025/04/17/75f47c25.jpg
5936014832,0.0,id-doc-front/2025/04/23/0123008f.jpg
5974551338,0.0,id-doc-front/2025/03/07/b79c8507.jpg
5260480720,0.0,id-doc-front/2024/05/28/983c95ba.jpg
5935870770,0.0,id-doc-front/2025/02/18/41a52be9.jpg
5245407912,0.0,id-doc-front/2024/06/11/66831ce1.jpg
6077738058,0.0,id-doc-front/2025/04/23/0fa6ed56.jpg
6030785947,0.0,id-doc-front/2025/04/02/36b97a3f.jpg
5796905860,0.0,id-doc-front/2024/12/16/9f173385.jpg
5885436117,0.0,id-doc-front/2025/01/30/52d43b03.jpg
6077707174,0.0,id-doc-front/2025/04/23/aa92f558.jpg
6026934001,0.0,id-doc-front/2025/04/17/5b3ddf16.jpg
5747286904,0.0,id-doc-front/2025/02/27/3513e3b0.jpg
5510697299,0.0,id-doc-front/2024/08/23/d727f14f.jpg
5307500756,0.0,id-doc-front/2024/06/12/f90bcce1.jpg
6077695946,0.0,id-doc-front/2025/04/23/fae1bcbb.jpg
6077681375,0.0,id-doc-front/2025/04/23/847e9d39.jpg
5949893291,0.0,id-doc-front/2025/02/24/0a1dbaab.jpg
6049256514,0.0,id-doc-front/2025/04/10/368e8a67.jpg
6077647613,0.0,id-doc-front/2025/04/23/4c88ebd9.jpg
6031293259,0.0,id-doc-front/2025/04/02/f66f6bdb.jpg
5596933390,0.0,id-doc-front/2024/09/20/affae905.jpg
5813853915,0.0,id-doc-front/2024/12/24/c54ea596.jpg
5556101205,0.0,id-doc-front/2024/09/07/1121b85d.jpg
6077597954,0.0,id-doc-front/2025/04/23/9422743e.jpg
5821250608,0.0,id-doc-front/2024/12/27/5a54c0d8.jpg
5919332196,0.0,id-doc-front/2025/02/11/d00ef067.jpg
5693603679,0.0,id-doc-front/2024/11/02/98c9ac7b.jpg
6028310182,0.0,id-doc-front/2025/04/01/3b9662e2.jpg
6049295968,0.0,id-doc-front/2025/04/10/4f181d0d.jpg
5803665200,0.0,id-doc-front/2024/12/19/2255bf71.jpg
5739133638,0.0,id-doc-front/2024/11/22/dccca362.jpg
5907045734,0.0,id-doc-front/2025/02/06/9593480d.jpg
6077551530,0.0,id-doc-front/2025/04/23/d59880e8.jpg
6077554239,0.0,id-doc-front/2025/04/23/4997d429.jpg
6058187866,0.0,id-doc-front/2025/04/15/db53d8c2.jpg
5839186395,0.0,id-doc-front/2025/01/05/37771c3c.jpg
6063987571,0.0,id-doc-front/2025/04/17/91b83d9f.jpg
5917248340,0.0,id-doc-front/2025/02/10/d906ceb5.jpg
5923969692,0.0,id-doc-front/2025/02/13/91e2e858.jpg
5564427483,0.0,id-doc-front/2024/09/10/f0e20cf2.jpg
5727085691,0.0,id-doc-front/2024/11/21/221b4aec.jpg
6049334553,0.0,id-doc-front/2025/04/10/96084c1c.jpg
5967688796,0.0,id-doc-front/2025/03/04/53470f36.jpg
6077451111,0.0,id-doc-front/2025/04/23/0921bbe8.jpg
5928543428,0.0,id-doc-front/2025/02/15/0d82f947.jpg
5803891796,0.0,id-doc-front/2024/12/19/533d6ff6.jpg
6077457258,0.0,id-doc-front/2025/04/23/7edc0065.jpg
5456359750,0.0,id-doc-front/2024/08/03/e9530ce1.jpg
6064015595,0.0,id-doc-front/2025/04/17/d7ca38d2.jpg
6009997028,0.0,id-doc-front/2025/03/24/151a5a8e.jpg
6040252002,0.0,id-doc-front/2025/04/10/cff8c78f.jpg
5954703146,0.0,id-doc-front/2025/02/26/3bc0a8c5.jpg
5997806145,0.0,id-doc-front/2025/04/14/756794c4.jpg
5811247172,0.0,id-doc-front/2025/02/07/8f6eaaa4.jpg
6077363881,0.0,id-doc-front/2025/04/23/20fa5468.jpg
5817000427,0.0,id-doc-front/2024/12/25/914df572.jpg
4966668238,0.0,id-doc-front/2024/01/21/6720e0f3.jpg
6071166195,0.0,id-doc-front/2025/04/23/6e1791e7.jpg
6062250166,0.0,id-doc-front/2025/04/17/e03bf574.jpg
5215111830,0.0,id-doc-front/2024/05/13/25f875cc.jpg
6077420107,0.0,id-doc-front/2025/04/23/4f0a604c.jpg
6077406418,0.0,id-doc-front/2025/04/23/b704d57d.jpg
5956886592,0.0,id-doc-front/2025/04/17/1df9b2ac.jpg
5458627923,0.0,id-doc-front/2024/08/05/43c40368.jpg
6042453306,0.0,id-doc-front/2025/04/07/76a2f60c.jpg
5909604333,0.0,id-doc-front/2025/02/06/17999d8e.jpg
6058015158,0.0,id-doc-front/2025/04/14/18b3aae4.jpg
4862194462,0.0,id-doc-front/2025/04/17/98256984.jpg
6061287964,0.0,id-doc-front/2025/04/17/b80cba02.jpg
6077171317,0.0,id-doc-front/2025/04/23/0aa3701f.jpg
6077210292,0.0,id-doc-front/2025/04/23/7161743c.jpg
5857421614,0.0,id-doc-front/2025/01/13/1b35524f.jpg
6077166702,0.0,id-doc-front/2025/04/23/4c09cba8.jpg
5869523163,0.0,id-doc-front/2025/01/19/cd80559e.jpg
5924608752,0.0,id-doc-front/2025/02/13/e8083012.jpg
4755086010,0.0,id-doc-front/2025/04/08/5a35c5eb.jpg
6049842805,0.0,id-doc-front/2025/04/11/4d3088d2.jpg
6072570760,0.0,id-doc-front/2025/04/23/7002d0ba.jpg
5966513006,0.0,id-doc-front/2025/03/31/4aee723c.jpg
6033170836,0.0,id-doc-front/2025/04/07/d9052833.jpg
6037545977,0.0,id-doc-front/2025/04/05/0a677498.jpg
5982260454,0.0,id-doc-front/2025/03/11/8d85e956.jpg
5933970276,0.0,id-doc-front/2025/02/18/cc7b3bd6.jpg
5013698478,0.0,id-doc-front/2024/02/16/4d06cfe2.jpg
5562613700,0.0,id-doc-front/2024/09/09/e30a1499.jpg
5626687515,0.0,id-doc-front/2024/10/03/075238a6.jpg
5033401895,0.0,id-doc-front/2024/02/27/a145b010.jpg
6049891589,0.0,id-doc-front/2025/04/11/66fee420.jpg
5834606167,0.0,id-doc-front/2025/01/02/1afbf6d1.jpg
4940768439,0.0,id-doc-front/2024/01/08/7a3674da.jpg
6017990768,0.0,id-doc-front/2025/03/27/debd5b6f.jpg
5834121141,0.0,id-doc-front/2025/01/02/785e9571.jpg
6061701703,0.0,id-doc-front/2025/04/21/7f2a64e9.jpg
6064333371,0.0,id-doc-front/2025/04/17/32ffd77b.jpg
5843403554,0.0,id-doc-front/2025/01/06/21abfe0c.jpg
5010148381,0.0,id-doc-front/2024/03/12/60b08c95.jpg
5613051311,0.0,id-doc-front/2024/09/27/daee9555.jpg
6064334186,0.0,id-doc-front/2025/04/17/33636328.jpg
6076916688,0.0,id-doc-front/2025/04/23/668b8adb.jpg
6064344540,0.0,id-doc-front/2025/04/17/faeaeba1.jpg
6076871059,0.0,id-doc-front/2025/04/23/2687af5b.jpg
